"","ID","Grading.Date","Expiration"
"1",1,"April 4th, 2015","April 3rd, 2016"
"2",2,"April 4th, 2015","April 3rd, 2016"
"3",3,"May 31st, 2010","May 31st, 2011"
"4",4,"March 26th, 2015","March 25th, 2016"
"5",5,"April 4th, 2015","April 3rd, 2016"
"6",6,"September 3rd, 2013","September 3rd, 2014"
"7",7,"September 17th, 2012","September 17th, 2013"
"8",8,"September 2nd, 2010","September 2nd, 2011"
"9",9,"September 2nd, 2010","September 2nd, 2011"
"10",10,"March 30th, 2015","March 29th, 2016"
"11",11,"March 27th, 2015","March 26th, 2016"
"12",12,"March 13th, 2015","March 12th, 2016"
"13",13,"March 13th, 2015","March 12th, 2016"
"14",14,"May 31st, 2010","May 31st, 2011"
"15",15,"August 31st, 2010","August 31st, 2011"
"16",16,"March 13th, 2015","March 12th, 2016"
"17",17,"May 31st, 2010","May 31st, 2011"
"18",18,"June 16th, 2010","June 16th, 2011"
"19",19,"April 7th, 2016","April 7th, 2017"
"20",20,"March 25th, 2015","March 24th, 2016"
"21",21,"March 13th, 2015","March 12th, 2016"
"22",22,"April 2nd, 2014","April 2nd, 2015"
"23",23,"July 26th, 2012","July 26th, 2013"
"24",24,"March 13th, 2015","March 12th, 2016"
"25",25,"September 3rd, 2013","September 3rd, 2014"
"26",26,"December 3rd, 2011","December 2nd, 2012"
"27",27,"June 16th, 2010","June 16th, 2011"
"28",28,"June 26th, 2014","June 26th, 2015"
"29",29,"May 18th, 2017","May 18th, 2018"
"30",30,"May 18th, 2016","May 18th, 2017"
"31",31,"May 18th, 2010","May 18th, 2011"
"32",32,"September 3rd, 2013","September 3rd, 2014"
"33",33,"December 3rd, 2011","December 2nd, 2012"
"34",34,"December 3rd, 2015","December 2nd, 2016"
"35",35,"March 27th, 2015","March 26th, 2016"
"36",36,"May 30th, 2014","May 30th, 2015"
"37",37,"April 6th, 2012","April 6th, 2013"
"38",38,"January 28th, 2011","January 28th, 2012"
"39",39,"June 17th, 2010","June 17th, 2011"
"40",40,"March 13th, 2015","March 12th, 2016"
"41",41,"April 12th, 2012","April 12th, 2013"
"42",42,"January 4th, 2011","January 4th, 2012"
"43",43,"January 4th, 2011","January 4th, 2012"
"44",44,"June 10th, 2015","June 9th, 2016"
"45",45,"January 29th, 2015","January 29th, 2016"
"46",46,"December 3rd, 2011","December 2nd, 2012"
"47",47,"October 1st, 2014","October 1st, 2015"
"48",48,"March 20th, 2014","March 20th, 2015"
"49",49,"February 6th, 2014","February 6th, 2015"
"50",50,"February 13th, 2012","February 12th, 2013"
"51",51,"June 17th, 2010","June 17th, 2011"
"52",52,"May 31st, 2010","May 31st, 2011"
"53",53,"May 16th, 2016","May 16th, 2017"
"54",54,"June 30th, 2014","June 30th, 2015"
"55",55,"July 26th, 2013","July 26th, 2014"
"56",56,"October 9th, 2017","October 9th, 2018"
"57",57,"April 4th, 2015","April 3rd, 2016"
"58",58,"July 3rd, 2012","July 3rd, 2013"
"59",59,"June 5th, 2012","June 5th, 2013"
"60",60,"June 23rd, 2017","June 23rd, 2018"
"61",61,"January 22nd, 2014","January 22nd, 2015"
"62",62,"October 25th, 2012","October 25th, 2013"
"63",63,"March 18th, 2013","March 18th, 2014"
"64",64,"January 12th, 2013","January 12th, 2014"
"65",65,"April 6th, 2012","April 6th, 2013"
"66",66,"May 23rd, 2015","May 22nd, 2016"
"67",67,"May 23rd, 2015","May 22nd, 2016"
"68",68,"March 31st, 2015","March 30th, 2016"
"69",69,"June 26th, 2014","June 26th, 2015"
"70",70,"February 26th, 2013","February 26th, 2014"
"71",71,"March 31st, 2015","March 30th, 2016"
"72",72,"June 26th, 2014","June 26th, 2015"
"73",73,"April 6th, 2012","April 6th, 2013"
"74",74,"December 3rd, 2011","December 2nd, 2012"
"75",75,"May 31st, 2010","May 31st, 2011"
"76",76,"April 6th, 2016","April 6th, 2017"
"77",77,"May 23rd, 2015","May 22nd, 2016"
"78",78,"May 1st, 2014","May 1st, 2015"
"79",79,"May 1st, 2014","May 1st, 2015"
"80",80,"April 19th, 2013","April 19th, 2014"
"81",81,"March 12th, 2013","March 12th, 2014"
"82",82,"June 17th, 2010","June 17th, 2011"
"83",83,"June 17th, 2010","June 17th, 2011"
"84",84,"April 27th, 2016","April 27th, 2017"
"85",85,"April 8th, 2015","April 7th, 2016"
"86",86,"January 17th, 2014","January 17th, 2015"
"87",87,"November 26th, 2012","November 26th, 2013"
"88",88,"January 18th, 2012","January 17th, 2013"
"89",89,"August 9th, 2016","August 9th, 2017"
"90",90,"August 18th, 2015","August 17th, 2016"
"91",91,"October 7th, 2014","October 7th, 2015"
"92",92,"March 10th, 2014","March 10th, 2015"
"93",93,"March 16th, 2012","March 16th, 2013"
"94",94,"December 27th, 2010","December 27th, 2011"
"95",95,"June 17th, 2010","June 17th, 2011"
"96",96,"May 17th, 2010","May 17th, 2011"
"97",97,"July 24th, 2017","July 24th, 2018"
"98",98,"February 15th, 2017","February 15th, 2018"
"99",99,"January 30th, 2017","January 30th, 2018"
"100",100,"September 21st, 2016","September 21st, 2017"
"101",101,"May 7th, 2016","May 7th, 2017"
"102",102,"April 19th, 2013","April 19th, 2014"
"103",103,"February 29th, 2012","February 28th, 2013"
"104",104,"April 6th, 2011","April 5th, 2012"
"105",105,"February 24th, 2011","February 24th, 2012"
"106",106,"September 7th, 2010","September 7th, 2011"
"107",107,"November 25th, 2016","November 25th, 2017"
"108",108,"October 26th, 2015","October 25th, 2016"
"109",109,"June 9th, 2015","June 8th, 2016"
"110",110,"December 12th, 2014","December 12th, 2015"
"111",111,"December 11th, 2012","December 11th, 2013"
"112",112,"July 11th, 2012","July 11th, 2013"
"113",113,"December 23rd, 2011","December 22nd, 2012"
"114",114,"December 3rd, 2011","December 2nd, 2012"
"115",115,"August 26th, 2010","August 26th, 2011"
"116",116,"May 18th, 2016","May 18th, 2017"
"117",117,"June 30th, 2014","June 30th, 2015"
"118",118,"April 6th, 2012","April 6th, 2013"
"119",119,"June 17th, 2010","June 17th, 2011"
"120",120,"June 17th, 2010","June 17th, 2011"
"121",121,"June 27th, 2016","June 27th, 2017"
"122",122,"June 2nd, 2015","June 1st, 2016"
"123",123,"April 25th, 2014","April 25th, 2015"
"124",124,"August 23rd, 2011","August 22nd, 2012"
"125",125,"May 31st, 2010","May 31st, 2011"
"126",126,"June 26th, 2017","June 26th, 2018"
"127",127,"November 24th, 2016","November 24th, 2017"
"128",128,"November 2nd, 2016","November 2nd, 2017"
"129",129,"October 4th, 2016","October 4th, 2017"
"130",130,"June 1st, 2016","June 1st, 2017"
"131",131,"July 6th, 2015","July 5th, 2016"
"132",132,"May 23rd, 2015","May 22nd, 2016"
"133",133,"May 23rd, 2015","May 22nd, 2016"
"134",134,"March 5th, 2014","March 5th, 2015"
"135",135,"January 3rd, 2014","January 3rd, 2015"
"136",136,"December 26th, 2013","December 26th, 2014"
"137",137,"December 20th, 2013","December 20th, 2014"
"138",138,"September 16th, 2012","September 16th, 2013"
"139",139,"July 17th, 2012","July 17th, 2013"
"140",140,"July 3rd, 2012","July 3rd, 2013"
"141",141,"July 2nd, 2012","July 2nd, 2013"
"142",142,"February 13th, 2012","February 12th, 2013"
"143",143,"June 14th, 2011","June 13th, 2012"
"144",144,"June 17th, 2010","June 17th, 2011"
"145",145,"January 11th, 2018","January 11th, 2019"
"146",146,"January 10th, 2017","January 10th, 2018"
"147",147,"December 28th, 2016","December 28th, 2017"
"148",148,"July 21st, 2014","July 21st, 2015"
"149",149,"May 29th, 2014","May 29th, 2015"
"150",150,"March 24th, 2014","March 24th, 2015"
"151",151,"December 20th, 2013","December 20th, 2014"
"152",152,"December 6th, 2013","December 6th, 2014"
"153",153,"August 30th, 2013","August 30th, 2014"
"154",154,"July 17th, 2013","July 17th, 2014"
"155",155,"March 12th, 2013","March 12th, 2014"
"156",156,"October 9th, 2012","October 9th, 2013"
"157",157,"December 23rd, 2011","December 22nd, 2012"
"158",158,"December 3rd, 2011","December 2nd, 2012"
"159",159,"November 28th, 2017","November 28th, 2018"
"160",160,"March 14th, 2017","March 14th, 2018"
"161",161,"April 6th, 2016","April 6th, 2017"
"162",162,"July 6th, 2015","July 5th, 2016"
"163",163,"June 5th, 2015","June 4th, 2016"
"164",164,"June 16th, 2014","June 16th, 2015"
"165",165,"February 26th, 2013","February 26th, 2014"
"166",166,"September 16th, 2012","September 16th, 2013"
"167",167,"July 11th, 2012","July 11th, 2013"
"168",168,"June 6th, 2012","June 6th, 2013"
"169",169,"February 16th, 2012","February 15th, 2013"
"170",170,"March 23rd, 2011","March 22nd, 2012"
"171",171,"March 22nd, 2011","March 21st, 2012"
"172",172,"March 23rd, 2017","March 23rd, 2018"
"173",173,"March 14th, 2017","March 14th, 2018"
"174",174,"January 25th, 2016","January 24th, 2017"
"175",175,"July 9th, 2014","July 9th, 2015"
"176",176,"July 10th, 2013","July 10th, 2014"
"177",177,"January 21st, 2013","January 21st, 2014"
"178",178,"June 6th, 2012","June 6th, 2013"
"179",179,"June 17th, 2010","June 17th, 2011"
"180",180,"August 3rd, 2017","August 3rd, 2018"
"181",181,"May 11th, 2017","May 11th, 2018"
"182",182,"February 20th, 2017","February 20th, 2018"
"183",183,"April 4th, 2016","April 4th, 2017"
"184",184,"February 16th, 2016","February 15th, 2017"
"185",185,"April 29th, 2015","April 28th, 2016"
"186",186,"July 19th, 2013","July 19th, 2014"
"187",187,"July 27th, 2012","July 27th, 2013"
"188",188,"October 28th, 2011","October 27th, 2012"
"189",189,"October 28th, 2011","October 27th, 2012"
"190",190,"June 14th, 2011","June 13th, 2012"
"191",191,"April 30th, 2010","April 30th, 2011"
"192",192,"August 10th, 2017","August 10th, 2018"
"193",193,"November 2nd, 2016","November 2nd, 2017"
"194",194,"August 5th, 2016","August 5th, 2017"
"195",195,"May 23rd, 2016","May 23rd, 2017"
"196",196,"April 6th, 2016","April 6th, 2017"
"197",197,"April 6th, 2016","April 6th, 2017"
"198",198,"November 19th, 2015","November 18th, 2016"
"199",199,"October 26th, 2015","October 25th, 2016"
"200",200,"June 5th, 2015","June 4th, 2016"
"201",201,"April 29th, 2015","April 28th, 2016"
"202",202,"December 12th, 2014","December 12th, 2015"
"203",203,"December 12th, 2014","December 12th, 2015"
"204",204,"August 21st, 2014","August 21st, 2015"
"205",205,"October 1st, 2013","October 1st, 2014"
"206",206,"December 11th, 2012","December 11th, 2013"
"207",207,"September 11th, 2012","September 11th, 2013"
"208",208,"April 9th, 2012","April 9th, 2013"
"209",209,"April 2nd, 2012","April 2nd, 2013"
"210",210,"February 13th, 2012","February 12th, 2013"
"211",211,"June 1st, 2017","June 1st, 2018"
"212",212,"August 19th, 2016","August 19th, 2017"
"213",213,"August 19th, 2016","August 19th, 2017"
"214",214,"June 23rd, 2016","June 23rd, 2017"
"215",215,"June 1st, 2016","June 1st, 2017"
"216",216,"June 1st, 2016","June 1st, 2017"
"217",217,"August 18th, 2015","August 17th, 2016"
"218",218,"August 3rd, 2015","August 2nd, 2016"
"219",219,"April 24th, 2015","April 23rd, 2016"
"220",220,"April 10th, 2015","April 9th, 2016"
"221",221,"60 kg","0"
"222",222,"December 12th, 2014","December 12th, 2015"
"223",223,"October 15th, 2014","October 15th, 2015"
"224",224,"July 16th, 2014","July 16th, 2015"
"225",225,"November 7th, 2013","November 7th, 2014"
"226",226,"May 20th, 2013","May 20th, 2014"
"227",227,"May 9th, 2013","May 9th, 2014"
"228",228,"March 18th, 2013","March 18th, 2014"
"229",229,"October 19th, 2012","October 19th, 2013"
"230",230,"March 26th, 2012","March 26th, 2013"
"231",231,"February 13th, 2012","February 12th, 2013"
"232",232,"May 24th, 2017","May 24th, 2018"
"233",233,"November 9th, 2017","November 9th, 2018"
"234",234,"May 18th, 2016","May 18th, 2017"
"235",235,"April 27th, 2016","April 27th, 2017"
"236",236,"November 5th, 2014","November 5th, 2015"
"237",237,"June 16th, 2014","June 16th, 2015"
"238",238,"January 24th, 2013","January 24th, 2014"
"239",239,"September 4th, 2012","September 4th, 2013"
"240",240,"August 17th, 2012","August 17th, 2013"
"241",241,"January 11th, 2018","January 11th, 2019"
"242",242,"June 5th, 2017","June 5th, 2018"
"243",243,"May 11th, 2017","May 11th, 2018"
"244",244,"June 10th, 2015","June 9th, 2016"
"245",245,"December 18th, 2014","December 18th, 2015"
"246",246,"August 8th, 2014","August 8th, 2015"
"247",247,"June 27th, 2014","June 27th, 2015"
"248",248,"May 27th, 2014","May 27th, 2015"
"249",249,"May 27th, 2014","May 27th, 2015"
"250",250,"April 8th, 2014","April 8th, 2015"
"251",251,"January 17th, 2014","January 17th, 2015"
"252",252,"January 2nd, 2014","January 2nd, 2015"
"253",253,"June 21st, 2013","June 21st, 2014"
"254",254,"March 8th, 2013","March 8th, 2014"
"255",255,"June 21st, 2012","June 21st, 2013"
"256",256,"May 31st, 2012","May 31st, 2013"
"257",257,"February 13th, 2012","February 12th, 2013"
"258",258,"August 16th, 2011","August 15th, 2012"
"259",259,"October 20th, 2017","October 20th, 2018"
"260",260,"July 3rd, 2017","July 3rd, 2018"
"261",261,"October 18th, 2016","October 18th, 2017"
"262",262,"August 16th, 2016","August 16th, 2017"
"263",263,"May 18th, 2016","May 18th, 2017"
"264",264,"February 11th, 2016","February 10th, 2017"
"265",265,"January 21st, 2016","January 20th, 2017"
"266",266,"November 7th, 2015","November 6th, 2016"
"267",267,"August 18th, 2015","August 17th, 2016"
"268",268,"March 12th, 2015","March 11th, 2016"
"269",269,"December 12th, 2014","December 12th, 2015"
"270",270,"November 23rd, 2014","November 23rd, 2015"
"271",271,"January 17th, 2014","January 17th, 2015"
"272",272,"July 3rd, 2012","July 3rd, 2013"
"273",273,"June 6th, 2012","June 6th, 2013"
"274",274,"April 2nd, 2012","April 2nd, 2013"
"275",275,"June 30th, 2017","June 30th, 2018"
"276",276,"March 14th, 2017","March 14th, 2018"
"277",277,"June 6th, 2016","June 6th, 2017"
"278",278,"May 23rd, 2016","May 23rd, 2017"
"279",279,"February 23rd, 2016","February 22nd, 2017"
"280",280,"October 8th, 2015","October 7th, 2016"
"281",281,"April 30th, 2015","April 29th, 2016"
"282",282,"March 31st, 2015","March 30th, 2016"
"283",283,"October 16th, 2014","October 16th, 2015"
"284",284,"June 9th, 2014","June 9th, 2015"
"285",285,"May 22nd, 2014","May 22nd, 2015"
"286",286,"December 26th, 2013","December 26th, 2014"
"287",287,"October 4th, 2013","October 4th, 2014"
"288",288,"September 3rd, 2013","September 3rd, 2014"
"289",289,"April 26th, 2013","April 26th, 2014"
"290",290,"July 26th, 2012","July 26th, 2013"
"291",291,"June 6th, 2012","June 6th, 2013"
"292",292,"December 21st, 2011","December 20th, 2012"
"293",293,"September 20th, 2011","September 19th, 2012"
"294",294,"August 16th, 2011","August 15th, 2012"
"295",295,"June 17th, 2010","June 17th, 2011"
"296",296,"January 11th, 2018","January 11th, 2019"
"297",297,"October 20th, 2017","October 20th, 2018"
"298",298,"September 28th, 2017","September 28th, 2018"
"299",299,"June 6th, 2017","June 6th, 2018"
"300",300,"February 15th, 2017","February 15th, 2018"
"301",301,"April 6th, 2016","April 6th, 2017"
"302",302,"November 27th, 2015","November 26th, 2016"
"303",303,"June 30th, 2014","June 30th, 2015"
"304",304,"June 9th, 2014","June 9th, 2015"
"305",305,"February 5th, 2014","February 5th, 2015"
"306",306,"January 24th, 2014","January 24th, 2015"
"307",307,"November 22nd, 2013","November 22nd, 2014"
"308",308,"August 27th, 2013","August 27th, 2014"
"309",309,"May 2nd, 2013","May 2nd, 2014"
"310",310,"September 27th, 2012","September 27th, 2013"
"311",311,"May 24th, 2012","May 24th, 2013"
"312",312,"April 20th, 2011","April 19th, 2012"
"313",313,"February 9th, 2011","February 9th, 2012"
"314",314,"June 29th, 2010","June 29th, 2011"
"315",315,"October 20th, 2017","October 20th, 2018"
"316",316,"September 1st, 2017","September 1st, 2018"
"317",317,"May 11th, 2017","May 11th, 2018"
"318",318,"May 11th, 2017","May 11th, 2018"
"319",319,"August 16th, 2016","August 16th, 2017"
"320",320,"May 18th, 2016","May 18th, 2017"
"321",321,"March 14th, 2016","March 14th, 2017"
"322",322,"June 9th, 2015","June 8th, 2016"
"323",323,"November 21st, 2014","November 21st, 2015"
"324",324,"February 27th, 2014","February 27th, 2015"
"325",325,"October 29th, 2013","October 29th, 2014"
"326",326,"August 16th, 2013","August 16th, 2014"
"327",327,"May 30th, 2013","May 30th, 2014"
"328",328,"February 26th, 2013","February 26th, 2014"
"329",329,"November 22nd, 2012","November 22nd, 2013"
"330",330,"August 23rd, 2012","August 23rd, 2013"
"331",331,"July 9th, 2012","July 9th, 2013"
"332",332,"July 2nd, 2012","July 2nd, 2013"
"333",333,"May 23rd, 2012","May 23rd, 2013"
"334",334,"April 30th, 2012","April 30th, 2013"
"335",335,"April 21st, 2011","April 20th, 2012"
"336",336,"October 20th, 2017","October 20th, 2018"
"337",337,"July 5th, 2016","July 5th, 2017"
"338",338,"April 15th, 2016","April 15th, 2017"
"339",339,"April 6th, 2016","April 6th, 2017"
"340",340,"November 19th, 2015","November 18th, 2016"
"341",341,"May 12th, 2015","May 11th, 2016"
"342",342,"March 25th, 2015","March 24th, 2016"
"343",343,"June 27th, 2014","June 27th, 2015"
"344",344,"June 24th, 2014","June 24th, 2015"
"345",345,"March 13th, 2014","March 13th, 2015"
"346",346,"March 21st, 2014","March 21st, 2015"
"347",347,"December 26th, 2013","December 26th, 2014"
"348",348,"August 31st, 2012","August 31st, 2013"
"349",349,"June 6th, 2012","June 6th, 2013"
"350",350,"April 2nd, 2012","April 2nd, 2013"
"351",351,"January 23rd, 2012","January 22nd, 2013"
"352",352,"February 20th, 2017","February 20th, 2018"
"353",353,"February 13th, 2017","February 13th, 2018"
"354",354,"June 6th, 2016","June 6th, 2017"
"355",355,"April 7th, 2016","April 7th, 2017"
"356",356,"March 16th, 2016","March 16th, 2017"
"357",357,"November 19th, 2015","November 18th, 2016"
"358",358,"November 16th, 2015","November 15th, 2016"
"359",359,"September 14th, 2015","September 13th, 2016"
"360",360,"March 31st, 2015","March 30th, 2016"
"361",361,"March 12th, 2015","March 11th, 2016"
"362",362,"January 22nd, 2015","January 22nd, 2016"
"363",363,"December 18th, 2014","December 18th, 2015"
"364",364,"August 11th, 2014","August 11th, 2015"
"365",365,"April 8th, 2014","April 8th, 2015"
"366",366,"April 26th, 2013","April 26th, 2014"
"367",367,"May 24th, 2013","May 24th, 2014"
"368",368,"August 31st, 2012","August 31st, 2013"
"369",369,"August 30th, 2012","August 30th, 2013"
"370",370,"July 11th, 2012","July 11th, 2013"
"371",371,"April 30th, 2012","April 30th, 2013"
"372",372,"February 9th, 2012","February 8th, 2013"
"373",373,"February 1st, 2012","January 31st, 2013"
"374",374,"March 8th, 2011","March 7th, 2012"
"375",375,"November 29th, 2010","November 29th, 2011"
"376",376,"November 9th, 2017","November 9th, 2018"
"377",377,"August 23rd, 2017","August 23rd, 2018"
"378",378,"May 10th, 2017","May 10th, 2018"
"379",379,"February 17th, 2017","February 17th, 2018"
"380",380,"February 13th, 2017","February 13th, 2018"
"381",381,"July 21st, 2016","July 21st, 2017"
"382",382,"June 27th, 2016","June 27th, 2017"
"383",383,"April 25th, 2016","April 25th, 2017"
"384",384,"April 29th, 2015","April 28th, 2016"
"385",385,"January 15th, 2015","January 15th, 2016"
"386",386,"December 12th, 2014","December 12th, 2015"
"387",387,"October 15th, 2014","October 15th, 2015"
"388",388,"August 21st, 2014","August 21st, 2015"
"389",389,"February 18th, 2014","February 18th, 2015"
"390",390,"July 16th, 2013","July 16th, 2014"
"391",391,"January 24th, 2013","January 24th, 2014"
"392",392,"June 26th, 2012","June 26th, 2013"
"393",393,"February 1st, 2011","February 1st, 2012"
"394",394,"December 27th, 2010","December 27th, 2011"
"395",395,"April 13th, 2010","April 13th, 2011"
"396",396,"May 26th, 2010","May 26th, 2011"
"397",397,"November 8th, 2016","November 8th, 2017"
"398",398,"June 15th, 2016","June 15th, 2017"
"399",399,"May 5th, 2016","May 5th, 2017"
"400",400,"October 12th, 2015","October 11th, 2016"
"401",401,"July 14th, 2015","July 13th, 2016"
"402",402,"April 8th, 2015","April 7th, 2016"
"403",403,"December 12th, 2014","December 12th, 2015"
"404",404,"July 15th, 2014","July 15th, 2015"
"405",405,"April 7th, 2014","April 7th, 2015"
"406",406,"February 25th, 2014","February 25th, 2015"
"407",407,"February 14th, 2014","February 14th, 2015"
"408",408,"January 21st, 2014","January 21st, 2015"
"409",409,"October 3rd, 2013","October 3rd, 2014"
"410",410,"April 26th, 2013","April 26th, 2014"
"411",411,"February 26th, 2013","February 26th, 2014"
"412",412,"January 24th, 2013","January 24th, 2014"
"413",413,"August 29th, 2012","August 29th, 2013"
"414",414,"May 30th, 2012","May 30th, 2013"
"415",415,"September 20th, 2011","September 19th, 2012"
"416",416,"February 24th, 2011","February 24th, 2012"
"417",417,"March 7th, 2017","March 7th, 2018"
"418",418,"January 30th, 2017","January 30th, 2018"
"419",419,"September 20th, 2016","September 20th, 2017"
"420",420,"August 12th, 2016","August 12th, 2017"
"421",421,"May 19th, 2016","May 19th, 2017"
"422",422,"January 12th, 2016","January 11th, 2017"
"423",423,"November 27th, 2015","November 26th, 2016"
"424",424,"July 14th, 2015","July 13th, 2016"
"425",425,"June 18th, 2015","June 17th, 2016"
"426",426,"November 23rd, 2014","November 23rd, 2015"
"427",427,"June 24th, 2014","June 24th, 2015"
"428",428,"March 7th, 2014","March 7th, 2015"
"429",429,"August 2nd, 2013","August 2nd, 2014"
"430",430,"March 29th, 2013","March 29th, 2014"
"431",431,"March 21st, 2013","March 21st, 2014"
"432",432,"August 1st, 2012","August 1st, 2013"
"433",433,"July 11th, 2012","July 11th, 2013"
"434",434,"July 9th, 2012","July 9th, 2013"
"435",435,"February 23rd, 2012","February 22nd, 2013"
"436",436,"February 22nd, 2012","February 21st, 2013"
"437",437,"February 9th, 2012","February 8th, 2013"
"438",438,"June 14th, 2011","June 13th, 2012"
"439",439,"February 22nd, 2011","February 22nd, 2012"
"440",440,"January 17th, 2011","January 17th, 2012"
"441",441,"October 20th, 2017","October 20th, 2018"
"442",442,"August 24th, 2017","August 24th, 2018"
"443",443,"June 20th, 2017","June 20th, 2018"
"444",444,"June 16th, 2017","June 16th, 2018"
"445",445,"May 8th, 2017","May 8th, 2018"
"446",446,"May 23rd, 2016","May 23rd, 2017"
"447",447,"May 2nd, 2016","May 2nd, 2017"
"448",448,"April 6th, 2016","April 6th, 2017"
"449",449,"April 5th, 2016","April 5th, 2017"
"450",450,"March 29th, 2016","March 29th, 2017"
"451",451,"October 29th, 2015","October 28th, 2016"
"452",452,"September 29th, 2015","September 28th, 2016"
"453",453,"July 3rd, 2015","July 2nd, 2016"
"454",454,"June 9th, 2015","June 8th, 2016"
"455",455,"December 12th, 2014","December 12th, 2015"
"456",456,"November 5th, 2014","November 5th, 2015"
"457",457,"October 28th, 2014","October 28th, 2015"
"458",458,"August 25th, 2014","August 25th, 2015"
"459",459,"April 12th, 2014","April 12th, 2015"
"460",460,"April 8th, 2014","April 8th, 2015"
"461",461,"March 27th, 2014","March 27th, 2015"
"462",462,"February 7th, 2014","February 7th, 2015"
"463",463,"January 31st, 2014","January 31st, 2015"
"464",464,"April 26th, 2013","April 26th, 2014"
"465",465,"March 29th, 2013","March 29th, 2014"
"466",466,"September 27th, 2012","September 27th, 2013"
"467",467,"September 27th, 2012","September 27th, 2013"
"468",468,"August 31st, 2012","August 31st, 2013"
"469",469,"July 11th, 2012","July 11th, 2013"
"470",470,"June 8th, 2012","June 8th, 2013"
"471",471,"June 6th, 2012","June 6th, 2013"
"472",472,"March 19th, 2012","March 19th, 2013"
"473",473,"February 17th, 2012","February 16th, 2013"
"474",474,"February 1st, 2012","January 31st, 2013"
"475",475,"December 3rd, 2011","December 2nd, 2012"
"476",476,"October 28th, 2011","October 27th, 2012"
"477",477,"August 23rd, 2011","August 22nd, 2012"
"478",478,"June 16th, 2010","June 16th, 2011"
"479",479,"February 20th, 2017","February 20th, 2018"
"480",480,"January 10th, 2017","January 10th, 2018"
"481",481,"April 25th, 2016","April 25th, 2017"
"482",482,"October 8th, 2015","October 7th, 2016"
"483",483,"May 19th, 2015","May 18th, 2016"
"484",484,"April 20th, 2015","April 19th, 2016"
"485",485,"October 16th, 2014","October 16th, 2015"
"486",486,"July 15th, 2014","July 15th, 2015"
"487",487,"February 19th, 2014","February 19th, 2015"
"488",488,"December 26th, 2013","December 26th, 2014"
"489",489,"March 8th, 2013","March 8th, 2014"
"490",490,"June 6th, 2012","June 6th, 2013"
"491",491,"April 6th, 2012","April 6th, 2013"
"492",492,"February 23rd, 2012","February 22nd, 2013"
"493",493,"July 29th, 2011","July 28th, 2012"
"494",494,"February 22nd, 2011","February 22nd, 2012"
"495",495,"November 29th, 2010","November 29th, 2011"
"496",496,"November 11th, 2010","November 11th, 2011"
"497",497,"October 20th, 2017","October 20th, 2018"
"498",498,"August 16th, 2016","August 16th, 2017"
"499",499,"August 16th, 2016","August 16th, 2017"
"500",500,"July 18th, 2016","July 18th, 2017"
"501",501,"July 18th, 2016","July 18th, 2017"
"502",502,"February 11th, 2016","February 10th, 2017"
"503",503,"December 28th, 2015","December 27th, 2016"
"504",504,"July 8th, 2015","July 7th, 2016"
"505",505,"June 5th, 2015","June 4th, 2016"
"506",506,"April 23rd, 2015","April 22nd, 2016"
"507",507,"February 13th, 2015","February 13th, 2016"
"508",508,"November 23rd, 2014","November 23rd, 2015"
"509",509,"June 26th, 2014","June 26th, 2015"
"510",510,"June 9th, 2014","June 9th, 2015"
"511",511,"March 7th, 2014","March 7th, 2015"
"512",512,"February 14th, 2014","February 14th, 2015"
"513",513,"January 2nd, 2014","January 2nd, 2015"
"514",514,"November 7th, 2013","November 7th, 2014"
"515",515,"August 2nd, 2013","August 2nd, 2014"
"516",516,"March 15th, 2013","March 15th, 2014"
"517",517,"April 26th, 2013","April 26th, 2014"
"518",518,"October 23rd, 2012","October 23rd, 2013"
"519",519,"July 26th, 2012","July 26th, 2013"
"520",520,"July 26th, 2012","July 26th, 2013"
"521",521,"July 11th, 2012","July 11th, 2013"
"522",522,"May 22nd, 2012","May 22nd, 2013"
"523",523,"May 11th, 2012","May 11th, 2013"
"524",524,"June 8th, 2012","June 8th, 2013"
"525",525,"April 27th, 2012","April 27th, 2013"
"526",526,"December 2nd, 2011","December 1st, 2012"
"527",527,"August 16th, 2011","August 15th, 2012"
"528",528,"May 12th, 2011","May 11th, 2012"
"529",529,"April 21st, 2011","April 20th, 2012"
"530",530,"March 9th, 2011","March 8th, 2012"
"531",531,"February 1st, 2011","February 1st, 2012"
"532",532,"May 31st, 2010","May 31st, 2011"
"533",533,"April 13th, 2010","April 13th, 2011"
"534",534,"October 20th, 2017","October 20th, 2018"
"535",535,"August 28th, 2017","August 28th, 2018"
"536",536,"July 7th, 2017","July 7th, 2018"
"537",537,"June 28th, 2016","June 28th, 2017"
"538",538,"February 26th, 2016","February 25th, 2017"
"539",539,"September 7th, 2015","September 6th, 2016"
"540",540,"July 31st, 2015","July 30th, 2016"
"541",541,"July 21st, 2015","July 20th, 2016"
"542",542,"July 14th, 2015","July 13th, 2016"
"543",543,"June 11th, 2015","June 10th, 2016"
"544",544,"August 15th, 2014","August 15th, 2015"
"545",545,"June 27th, 2014","June 27th, 2015"
"546",546,"June 27th, 2014","June 27th, 2015"
"547",547,"April 3rd, 2014","April 3rd, 2015"
"548",548,"March 7th, 2014","March 7th, 2015"
"549",549,"December 27th, 2013","December 27th, 2014"
"550",550,"September 13th, 2013","September 13th, 2014"
"551",551,"March 20th, 2013","March 20th, 2014"
"552",552,"March 11th, 2013","March 11th, 2014"
"553",553,"January 22nd, 2013","January 22nd, 2014"
"554",554,"July 26th, 2012","July 26th, 2013"
"555",555,"July 20th, 2012","July 20th, 2013"
"556",556,"March 5th, 2012","March 5th, 2013"
"557",557,"February 23rd, 2012","February 22nd, 2013"
"558",558,"July 19th, 2011","July 18th, 2012"
"559",559,"April 13th, 2010","April 13th, 2011"
"560",560,"October 13th, 2017","October 13th, 2018"
"561",561,"June 22nd, 2017","June 22nd, 2018"
"562",562,"February 6th, 2017","February 6th, 2018"
"563",563,"April 8th, 2016","April 8th, 2017"
"564",564,"March 25th, 2016","March 25th, 2017"
"565",565,"January 19th, 2016","January 18th, 2017"
"566",566,"July 20th, 2015","July 19th, 2016"
"567",567,"May 26th, 2015","May 25th, 2016"
"568",568,"March 21st, 2015","March 20th, 2016"
"569",569,"February 20th, 2015","February 20th, 2016"
"570",570,"March 24th, 2014","March 24th, 2015"
"571",571,"January 20th, 2014","January 20th, 2015"
"572",572,"May 10th, 2013","May 10th, 2014"
"573",573,"April 19th, 2013","April 19th, 2014"
"574",574,"August 30th, 2012","August 30th, 2013"
"575",575,"July 11th, 2012","July 11th, 2013"
"576",576,"July 9th, 2012","July 9th, 2013"
"577",577,"June 6th, 2012","June 6th, 2013"
"578",578,"August 23rd, 2011","August 22nd, 2012"
"579",579,"January 9th, 2018","January 9th, 2019"
"580",580,"October 17th, 2017","October 17th, 2018"
"581",581,"September 19th, 2017","September 19th, 2018"
"582",582,"September 8th, 2017","September 8th, 2018"
"583",583,"August 22nd, 2017","August 22nd, 2018"
"584",584,"August 8th, 2017","August 8th, 2018"
"585",585,"June 1st, 2017","June 1st, 2018"
"586",586,"June 1st, 2017","June 1st, 2018"
"587",587,"May 8th, 2017","May 8th, 2018"
"588",588,"April 28th, 2017","April 28th, 2018"
"589",589,"April 6th, 2017","April 6th, 2018"
"590",590,"April 25th, 2016","April 25th, 2017"
"591",591,"April 6th, 2016","April 6th, 2017"
"592",592,"April 5th, 2016","April 5th, 2017"
"593",593,"November 7th, 2014","November 7th, 2015"
"594",594,"November 4th, 2014","November 4th, 2015"
"595",595,"June 16th, 2014","June 16th, 2015"
"596",596,"May 27th, 2014","May 27th, 2015"
"597",597,"February 5th, 2014","February 5th, 2015"
"598",598,"February 4th, 2014","February 4th, 2015"
"599",599,"January 21st, 2014","January 21st, 2015"
"600",600,"March 29th, 2013","March 29th, 2014"
"601",601,"July 11th, 2012","July 11th, 2013"
"602",602,"June 6th, 2012","June 6th, 2013"
"603",603,"April 11th, 2012","April 11th, 2013"
"604",604,"March 5th, 2012","March 5th, 2013"
"605",605,"February 23rd, 2012","February 22nd, 2013"
"606",606,"February 23rd, 2012","February 22nd, 2013"
"607",607,"June 29th, 2010","June 29th, 2011"
"608",608,"October 20th, 2017","October 20th, 2018"
"609",609,"August 16th, 2016","August 16th, 2017"
"610",610,"June 2nd, 2016","June 2nd, 2017"
"611",611,"March 29th, 2016","March 29th, 2017"
"612",612,"February 25th, 2016","February 24th, 2017"
"613",613,"November 3rd, 2015","November 2nd, 2016"
"614",614,"October 8th, 2015","October 7th, 2016"
"615",615,"January 15th, 2015","January 15th, 2016"
"616",616,"December 18th, 2014","December 18th, 2015"
"617",617,"December 15th, 2014","December 15th, 2015"
"618",618,"November 23rd, 2014","November 23rd, 2015"
"619",619,"August 15th, 2014","August 15th, 2015"
"620",620,"June 25th, 2014","June 25th, 2015"
"621",621,"December 26th, 2013","December 26th, 2014"
"622",622,"September 3rd, 2013","September 3rd, 2014"
"623",623,"January 22nd, 2013","January 22nd, 2014"
"624",624,"August 17th, 2012","August 17th, 2013"
"625",625,"July 17th, 2012","July 17th, 2013"
"626",626,"June 13th, 2012","June 13th, 2013"
"627",627,"June 6th, 2012","June 6th, 2013"
"628",628,"June 6th, 2012","June 6th, 2013"
"629",629,"Specialty Coffee Association","Green"
"630",630,"September 20th, 2011","September 19th, 2012"
"631",631,"April 6th, 2011","April 5th, 2012"
"632",632,"February 9th, 2011","February 9th, 2012"
"633",633,"September 3rd, 2010","September 3rd, 2011"
"634",634,"September 8th, 2017","September 8th, 2018"
"635",635,"August 22nd, 2017","August 22nd, 2018"
"636",636,"April 19th, 2017","April 19th, 2018"
"637",637,"February 13th, 2017","February 13th, 2018"
"638",638,"December 28th, 2015","December 27th, 2016"
"639",639,"September 15th, 2015","September 14th, 2016"
"640",640,"June 9th, 2015","June 8th, 2016"
"641",641,"February 15th, 2015","February 15th, 2016"
"642",642,"December 12th, 2014","December 12th, 2015"
"643",643,"June 30th, 2014","June 30th, 2015"
"644",644,"May 9th, 2014","May 9th, 2015"
"645",645,"April 18th, 2014","April 18th, 2015"
"646",646,"December 10th, 2013","December 10th, 2014"
"647",647,"April 16th, 2013","April 16th, 2014"
"648",648,"October 9th, 2012","October 9th, 2013"
"649",649,"February 27th, 2013","February 27th, 2014"
"650",650,"September 4th, 2012","September 4th, 2013"
"651",651," JAIME LOPEZ LOPEZ","0.12"
"652",652,"June 13th, 2012","June 13th, 2013"
"653",653,"October 28th, 2011","October 27th, 2012"
"654",654,"October 20th, 2017","October 20th, 2018"
"655",655,"September 4th, 2017","September 4th, 2018"
"656",656,"June 3rd, 2017","June 3rd, 2018"
"657",657,"March 16th, 2016","March 16th, 2017"
"658",658,"June 9th, 2015","June 8th, 2016"
"659",659,"February 15th, 2015","February 15th, 2016"
"660",660,"December 18th, 2014","December 18th, 2015"
"661",661,"December 12th, 2014","December 12th, 2015"
"662",662,"April 14th, 2014","April 14th, 2015"
"663",663,"January 14th, 2014","January 14th, 2015"
"664",664,"May 30th, 2013","May 30th, 2014"
"665",665,"May 7th, 2013","May 7th, 2014"
"666",666,"February 26th, 2013","February 26th, 2014"
"667",667,"September 27th, 2012","September 27th, 2013"
"668",668,"July 26th, 2012","July 26th, 2013"
"669",669,"June 7th, 2012","June 7th, 2013"
"670",670,"March 26th, 2012","March 26th, 2013"
"671",671,"March 16th, 2012","March 16th, 2013"
"672",672,"March 5th, 2012","March 5th, 2013"
"673",673,"February 23rd, 2012","February 22nd, 2013"
"674",674,"July 23rd, 2010","July 23rd, 2011"
"675",675,"September 27th, 2017","September 27th, 2018"
"676",676,"September 8th, 2017","September 8th, 2018"
"677",677,"June 1st, 2017","June 1st, 2018"
"678",678,"June 1st, 2017","June 1st, 2018"
"679",679,"January 20th, 2017","January 20th, 2018"
"680",680,"August 5th, 2016","August 5th, 2017"
"681",681,"April 6th, 2016","April 6th, 2017"
"682",682,"January 12th, 2016","January 11th, 2017"
"683",683,"November 16th, 2015","November 15th, 2016"
"684",684,"October 8th, 2015","October 7th, 2016"
"685",685,"December 18th, 2014","December 18th, 2015"
"686",686,"August 14th, 2014","August 14th, 2015"
"687",687,"May 8th, 2014","May 8th, 2015"
"688",688,"January 21st, 2014","January 21st, 2015"
"689",689,"December 30th, 2013","December 30th, 2014"
"690",690,"December 12th, 2013","December 12th, 2014"
"691",691,"December 10th, 2013","December 10th, 2014"
"692",692,"May 31st, 2013","May 31st, 2014"
"693",693,"March 29th, 2013","March 29th, 2014"
"694",694,"September 11th, 2012","September 11th, 2013"
"695",695,"September 10th, 2012","September 10th, 2013"
"696",696,"August 31st, 2012","August 31st, 2013"
"697",697,"July 25th, 2012","July 25th, 2013"
"698",698,"July 11th, 2012","July 11th, 2013"
"699",699,"July 3rd, 2012","July 3rd, 2013"
"700",700,"June 6th, 2012","June 6th, 2013"
"701",701,"April 9th, 2012","April 9th, 2013"
"702",702,"January 31st, 2012","January 30th, 2013"
"703",703,"January 23rd, 2012","January 22nd, 2013"
"704",704,"December 22nd, 2011","December 21st, 2012"
"705",705,"September 22nd, 2011","September 21st, 2012"
"706",706,"April 6th, 2017","April 6th, 2018"
"707",707,"February 9th, 2017","February 9th, 2018"
"708",708,"October 13th, 2016","October 13th, 2017"
"709",709,"August 16th, 2016","August 16th, 2017"
"710",710,"July 15th, 2016","July 15th, 2017"
"711",711,"May 17th, 2016","May 17th, 2017"
"712",712,"April 5th, 2016","April 5th, 2017"
"713",713,"October 8th, 2015","October 7th, 2016"
"714",714,"April 20th, 2015","April 19th, 2016"
"715",715,"March 10th, 2015","March 9th, 2016"
"716",716,"November 4th, 2014","November 4th, 2015"
"717",717,"October 15th, 2014","October 15th, 2015"
"718",718,"June 10th, 2014","June 10th, 2015"
"719",719,"April 2nd, 2014","April 2nd, 2015"
"720",720,"January 21st, 2014","January 21st, 2015"
"721",721,"December 26th, 2013","December 26th, 2014"
"722",722,"December 26th, 2013","December 26th, 2014"
"723",723,"July 16th, 2013","July 16th, 2014"
"724",724,"June 21st, 2013","June 21st, 2014"
"725",725,"March 15th, 2013","March 15th, 2014"
"726",726,"October 9th, 2012","October 9th, 2013"
"727",727,"October 5th, 2012","October 5th, 2013"
"728",728,"September 27th, 2012","September 27th, 2013"
"729",729,"August 31st, 2012","August 31st, 2013"
"730",730,"May 23rd, 2012","May 23rd, 2013"
"731",731,"April 11th, 2012","April 11th, 2013"
"732",732,"March 5th, 2012","March 5th, 2013"
"733",733,"February 17th, 2012","February 16th, 2013"
"734",734,"January 31st, 2012","January 30th, 2013"
"735",735,"November 15th, 2017","November 15th, 2018"
"736",736,"February 13th, 2017","February 13th, 2018"
"737",737,"August 31st, 2016","August 31st, 2017"
"738",738,"October 8th, 2015","October 7th, 2016"
"739",739,"July 8th, 2015","July 7th, 2016"
"740",740,"April 15th, 2015","April 14th, 2016"
"741",741,"November 4th, 2014","November 4th, 2015"
"742",742,"October 16th, 2014","October 16th, 2015"
"743",743,"December 26th, 2013","December 26th, 2014"
"744",744,"July 19th, 2013","July 19th, 2014"
"745",745,"May 3rd, 2013","May 3rd, 2014"
"746",746,"September 27th, 2012","September 27th, 2013"
"747",747,"September 19th, 2012","September 19th, 2013"
"748",748,"August 31st, 2012","August 31st, 2013"
"749",749,"August 30th, 2012","August 30th, 2013"
"750",750,"August 21st, 2012","August 21st, 2013"
"751",751,"July 11th, 2012","July 11th, 2013"
"752",752,"April 2nd, 2012","April 2nd, 2013"
"753",753,"February 22nd, 2012","February 21st, 2013"
"754",754,"February 9th, 2012","February 8th, 2013"
"755",755,"January 23rd, 2012","January 22nd, 2013"
"756",756,"March 1st, 2011","February 29th, 2012"
"757",757,"August 16th, 2016","August 16th, 2017"
"758",758,"June 9th, 2016","June 9th, 2017"
"759",759,"March 15th, 2016","March 15th, 2017"
"760",760,"November 16th, 2015","November 15th, 2016"
"761",761,"October 20th, 2015","October 19th, 2016"
"762",762,"October 8th, 2015","October 7th, 2016"
"763",763,"June 9th, 2015","June 8th, 2016"
"764",764,"April 15th, 2015","April 14th, 2016"
"765",765,"March 21st, 2015","March 20th, 2016"
"766",766,"January 15th, 2015","January 15th, 2016"
"767",767,"December 15th, 2014","December 15th, 2015"
"768",768,"July 15th, 2014","July 15th, 2015"
"769",769,"April 10th, 2014","April 10th, 2015"
"770",770,"December 26th, 2013","December 26th, 2014"
"771",771,"May 29th, 2013","May 29th, 2014"
"772",772,"March 20th, 2013","March 20th, 2014"
"773",773,"September 27th, 2012","September 27th, 2013"
"774",774,"August 2nd, 2012","August 2nd, 2013"
"775",775,"July 11th, 2012","July 11th, 2013"
"776",776,"July 2nd, 2012","July 2nd, 2013"
"777",777,"February 9th, 2011","February 9th, 2012"
"778",778,"August 3rd, 2017","August 3rd, 2018"
"779",779,"February 20th, 2017","February 20th, 2018"
"780",780,"August 16th, 2016","August 16th, 2017"
"781",781,"October 8th, 2015","October 7th, 2016"
"782",782,"April 10th, 2015","April 9th, 2016"
"783",783,"March 25th, 2015","March 24th, 2016"
"784",784,"January 8th, 2015","January 8th, 2016"
"785",785,"September 12th, 2014","September 12th, 2015"
"786",786,"March 21st, 2014","March 21st, 2015"
"787",787,"November 26th, 2012","November 26th, 2013"
"788",788,"September 10th, 2012","September 10th, 2013"
"789",789,"August 30th, 2012","August 30th, 2013"
"790",790,"July 26th, 2012","July 26th, 2013"
"791",791,"July 23rd, 2012","July 23rd, 2013"
"792",792,"July 11th, 2012","July 11th, 2013"
"793",793,"February 23rd, 2012","February 22nd, 2013"
"794",794,"April 18th, 2011","April 17th, 2012"
"795",795,"June 1st, 2017","June 1st, 2018"
"796",796,"April 6th, 2017","April 6th, 2018"
"797",797,"August 16th, 2016","August 16th, 2017"
"798",798,"November 16th, 2015","November 15th, 2016"
"799",799,"November 5th, 2015","November 4th, 2016"
"800",800,"December 18th, 2014","December 18th, 2015"
"801",801,"October 31st, 2014","October 31st, 2015"
"802",802,"July 22nd, 2014","July 22nd, 2015"
"803",803,"June 20th, 2014","June 20th, 2015"
"804",804,"June 9th, 2014","June 9th, 2015"
"805",805,"April 30th, 2014","April 30th, 2015"
"806",806,"September 13th, 2013","September 13th, 2014"
"807",807,"June 3rd, 2013","June 3rd, 2014"
"808",808,"May 21st, 2013","May 21st, 2014"
"809",809,"July 11th, 2012","July 11th, 2013"
"810",810,"June 4th, 2012","June 4th, 2013"
"811",811,"April 11th, 2012","April 11th, 2013"
"812",812,"March 26th, 2012","March 26th, 2013"
"813",813,"February 17th, 2012","February 16th, 2013"
"814",814,"February 1st, 2012","January 31st, 2013"
"815",815,"July 29th, 2011","July 28th, 2012"
"816",816,"August 22nd, 2017","August 22nd, 2018"
"817",817,"June 22nd, 2017","June 22nd, 2018"
"818",818,"June 1st, 2017","June 1st, 2018"
"819",819,"October 26th, 2016","October 26th, 2017"
"820",820,"May 5th, 2015","May 4th, 2016"
"821",821,"April 20th, 2015","April 19th, 2016"
"822",822,"January 6th, 2015","January 6th, 2016"
"823",823,"July 29th, 2014","July 29th, 2015"
"824",824,"June 20th, 2014","June 20th, 2015"
"825",825,"January 17th, 2014","January 17th, 2015"
"826",826,"December 26th, 2013","December 26th, 2014"
"827",827,"March 29th, 2013","March 29th, 2014"
"828",828,"September 27th, 2012","September 27th, 2013"
"829",829,"September 27th, 2012","September 27th, 2013"
"830",830,"July 11th, 2012","July 11th, 2013"
"831",831,"July 11th, 2012","July 11th, 2013"
"832",832,"February 29th, 2012","February 28th, 2013"
"833",833,"February 1st, 2011","February 1st, 2012"
"834",834,"August 22nd, 2017","August 22nd, 2018"
"835",835,"February 13th, 2017","February 13th, 2018"
"836",836,"January 20th, 2017","January 20th, 2018"
"837",837,"January 19th, 2017","January 19th, 2018"
"838",838,"August 2nd, 2016","August 2nd, 2017"
"839",839,"October 8th, 2015","October 7th, 2016"
"840",840,"October 8th, 2015","October 7th, 2016"
"841",841,"July 17th, 2015","July 16th, 2016"
"842",842,"June 25th, 2015","June 24th, 2016"
"843",843,"May 12th, 2015","May 11th, 2016"
"844",844,"May 7th, 2015","May 6th, 2016"
"845",845,"April 30th, 2015","April 29th, 2016"
"846",846,"March 21st, 2015","March 20th, 2016"
"847",847,"October 31st, 2014","October 31st, 2015"
"848",848,"October 15th, 2014","October 15th, 2015"
"849",849,"May 16th, 2014","May 16th, 2015"
"850",850,"April 26th, 2014","April 26th, 2015"
"851",851,"July 19th, 2013","July 19th, 2014"
"852",852,"March 6th, 2013","March 6th, 2014"
"853",853,"March 2nd, 2013","March 2nd, 2014"
"854",854,"February 26th, 2013","February 26th, 2014"
"855",855,"August 31st, 2012","August 31st, 2013"
"856",856,"July 11th, 2012","July 11th, 2013"
"857",857,"October 28th, 2011","October 27th, 2012"
"858",858,"June 14th, 2011","June 13th, 2012"
"859",859,"May 24th, 2010","May 24th, 2011"
"860",860,"June 22nd, 2017","June 22nd, 2018"
"861",861,"December 21st, 2015","December 20th, 2016"
"862",862,"January 8th, 2015","January 8th, 2016"
"863",863,"August 25th, 2014","August 25th, 2015"
"864",864,"September 27th, 2012","September 27th, 2013"
"865",865,"September 10th, 2012","September 10th, 2013"
"866",866,"September 4th, 2012","September 4th, 2013"
"867",867,"August 30th, 2012","August 30th, 2013"
"868",868,"June 6th, 2012","June 6th, 2013"
"869",869,"December 22nd, 2011","December 21st, 2012"
"870",870,"October 4th, 2011","October 3rd, 2012"
"871",871,"October 20th, 2017","October 20th, 2018"
"872",872,"August 22nd, 2017","August 22nd, 2018"
"873",873,"June 5th, 2017","June 5th, 2018"
"874",874,"May 2nd, 2016","May 2nd, 2017"
"875",875,"April 27th, 2016","April 27th, 2017"
"876",876,"March 11th, 2016","March 11th, 2017"
"877",877,"January 21st, 2016","January 20th, 2017"
"878",878,"October 8th, 2015","October 7th, 2016"
"879",879,"January 2nd, 2015","January 2nd, 2016"
"880",880,"December 15th, 2014","December 15th, 2015"
"881",881,"October 16th, 2014","October 16th, 2015"
"882",882,"May 23rd, 2014","May 23rd, 2015"
"883",883,"May 16th, 2014","May 16th, 2015"
"884",884,"April 26th, 2014","April 26th, 2015"
"885",885,"April 2nd, 2014","April 2nd, 2015"
"886",886,"December 26th, 2013","December 26th, 2014"
"887",887,"December 26th, 2013","December 26th, 2014"
"888",888,"March 29th, 2013","March 29th, 2014"
"889",889,"October 5th, 2012","October 5th, 2013"
"890",890,"September 11th, 2012","September 11th, 2013"
"891",891,"August 30th, 2012","August 30th, 2013"
"892",892,"July 27th, 2012","July 27th, 2013"
"893",893,"April 2nd, 2012","April 2nd, 2013"
"894",894,"February 29th, 2012","February 28th, 2013"
"895",895,"February 8th, 2012","February 7th, 2013"
"896",896,"January 19th, 2018","January 19th, 2019"
"897",897,"June 1st, 2017","June 1st, 2018"
"898",898,"July 15th, 2016","July 15th, 2017"
"899",899,"February 3rd, 2015","February 3rd, 2016"
"900",900,"December 18th, 2014","December 18th, 2015"
"901",901,"October 31st, 2014","October 31st, 2015"
"902",902,"August 25th, 2014","August 25th, 2015"
"903",903,"November 6th, 2013","November 6th, 2014"
"904",904,"July 16th, 2013","July 16th, 2014"
"905",905,"March 29th, 2013","March 29th, 2014"
"906",906,"June 6th, 2012","June 6th, 2013"
"907",907,"June 6th, 2012","June 6th, 2013"
"908",908,"November 16th, 2011","November 15th, 2012"
"909",909,"August 16th, 2011","August 15th, 2012"
"910",910,"June 14th, 2011","June 13th, 2012"
"911",911,"August 23rd, 2017","August 23rd, 2018"
"912",912,"June 20th, 2017","June 20th, 2018"
"913",913,"June 3rd, 2017","June 3rd, 2018"
"914",914,"June 1st, 2017","June 1st, 2018"
"915",915,"September 17th, 2015","September 16th, 2016"
"916",916,"July 17th, 2015","July 16th, 2016"
"917",917,"January 7th, 2015","January 7th, 2016"
"918",918,"November 4th, 2014","November 4th, 2015"
"919",919,"September 23rd, 2014","September 23rd, 2015"
"920",920,"August 18th, 2014",""
"921",921,"July 29th, 2014","July 29th, 2015"
"922",922,"May 5th, 2014","May 5th, 2015"
"923",923,"December 26th, 2013","December 26th, 2014"
"924",924,"March 11th, 2013","March 11th, 2014"
"925",925,"August 30th, 2012","August 30th, 2013"
"926",926,"August 29th, 2012","August 29th, 2013"
"927",927,"August 1st, 2012","August 1st, 2013"
"928",928,"July 26th, 2012","July 26th, 2013"
"929",929,"July 26th, 2012","July 26th, 2013"
"930",930,"May 24th, 2012","May 24th, 2013"
"931",931,"April 12th, 2012","April 12th, 2013"
"932",932,"January 25th, 2012","January 24th, 2013"
"933",933,"September 7th, 2011","September 6th, 2012"
"934",934,"June 29th, 2010","June 29th, 2011"
"935",935,"May 12th, 2017","May 12th, 2018"
"936",936,"March 17th, 2016","March 17th, 2017"
"937",937,"December 3rd, 2015","December 2nd, 2016"
"938",938,"May 12th, 2015","May 11th, 2016"
"939",939,"November 23rd, 2014","November 23rd, 2015"
"940",940,"November 4th, 2014","November 4th, 2015"
"941",941,"October 17th, 2014","October 17th, 2015"
"942",942,"May 26th, 2014","May 26th, 2015"
"943",943,"May 1st, 2014","May 1st, 2015"
"944",944,"February 27th, 2014","February 27th, 2015"
"945",945,"October 7th, 2013","October 7th, 2014"
"946",946,"September 27th, 2012","September 27th, 2013"
"947",947,"June 6th, 2012","June 6th, 2013"
"948",948,"November 11th, 2011","November 10th, 2012"
"949",949,"February 22nd, 2011","February 22nd, 2012"
"950",950,"May 24th, 2010","May 24th, 2011"
"951",951,"November 8th, 2016","November 8th, 2017"
"952",952,"June 9th, 2016","June 9th, 2017"
"953",953,"February 25th, 2016","February 24th, 2017"
"954",954,"November 20th, 2015","November 19th, 2016"
"955",955,"May 22nd, 2015","May 21st, 2016"
"956",956,"December 16th, 2014","December 16th, 2015"
"957",957,"November 13th, 2014","November 13th, 2015"
"958",958,"November 4th, 2014","November 4th, 2015"
"959",959,"January 22nd, 2014","January 22nd, 2015"
"960",960,"August 30th, 2012","August 30th, 2013"
"961",961,"July 11th, 2012","July 11th, 2013"
"962",962,"November 15th, 2017",""
"963",963,"May 18th, 2016","May 18th, 2017"
"964",964,"October 8th, 2015","October 7th, 2016"
"965",965,"July 6th, 2015","July 5th, 2016"
"966",966,"May 12th, 2015","May 11th, 2016"
"967",967,"March 21st, 2015","March 20th, 2016"
"968",968,"December 17th, 2014","December 17th, 2015"
"969",969,"December 26th, 2013","December 26th, 2014"
"970",970,"March 4th, 2013","March 4th, 2014"
"971",971,"July 26th, 2012","July 26th, 2013"
"972",972,"March 8th, 2017","March 8th, 2018"
"973",973,"November 16th, 2015","November 15th, 2016"
"974",974,"June 25th, 2015","June 24th, 2016"
"975",975,"May 22nd, 2015","May 21st, 2016"
"976",976,"March 11th, 2015","March 10th, 2016"
"977",977,"February 15th, 2015","February 15th, 2016"
"978",978,"January 8th, 2015","January 8th, 2016"
"979",979,"December 17th, 2014","December 17th, 2015"
"980",980,"November 4th, 2014","November 4th, 2015"
"981",981,"May 9th, 2014","May 9th, 2015"
"982",982,"February 4th, 2014","February 4th, 2015"
"983",983,"August 30th, 2012","August 30th, 2013"
"984",984,"August 20th, 2012","August 20th, 2013"
"985",985,"January 23rd, 2012","January 22nd, 2013"
"986",986,"September 22nd, 2011","September 21st, 2012"
"987",987,"July 14th, 2017","July 14th, 2018"
"988",988,"June 21st, 2017","June 21st, 2018"
"989",989,"March 28th, 2015","March 27th, 2016"
"990",990,"March 4th, 2015","March 3rd, 2016"
"991",991,"January 2nd, 2015","January 2nd, 2016"
"992",992,"December 18th, 2014","December 18th, 2015"
"993",993,"May 28th, 2014","May 28th, 2015"
"994",994,"September 14th, 2012","September 14th, 2013"
"995",995,"September 4th, 2012","September 4th, 2013"
"996",996,"August 30th, 2012","August 30th, 2013"
"997",997,"July 3rd, 2012","July 3rd, 2013"
"998",998,"February 13th, 2012","February 12th, 2013"
"999",999,"January 16th, 2018","January 16th, 2019"
"1000",1000,"August 28th, 2017","August 28th, 2018"
"1001",1001,"September 9th, 2016","September 9th, 2017"
"1002",1002,"August 2nd, 2016","August 2nd, 2017"
"1003",1003,"July 22nd, 2016","July 22nd, 2017"
"1004",1004,"July 23rd, 2015","July 22nd, 2016"
"1005",1005,"May 6th, 2015","May 5th, 2016"
"1006",1006,"January 26th, 2015","January 26th, 2016"
"1007",1007,"January 15th, 2015","January 15th, 2016"
"1008",1008,"December 15th, 2014","December 15th, 2015"
"1009",1009,"June 30th, 2014","June 30th, 2015"
"1010",1010,"December 26th, 2013","December 26th, 2014"
"1011",1011,"May 29th, 2013","May 29th, 2014"
"1012",1012,"September 11th, 2012","September 11th, 2013"
"1013",1013,"July 3rd, 2012","July 3rd, 2013"
"1014",1014,"December 8th, 2017","December 8th, 2018"
"1015",1015,"August 23rd, 2017","August 23rd, 2018"
"1016",1016,"July 7th, 2017","July 7th, 2018"
"1017",1017,"May 12th, 2017","May 12th, 2018"
"1018",1018,"July 17th, 2015","July 16th, 2016"
"1019",1019,"January 13th, 2015","January 13th, 2016"
"1020",1020,"December 18th, 2014","December 18th, 2015"
"1021",1021,"December 16th, 2014","December 16th, 2015"
"1022",1022,"November 23rd, 2014","November 23rd, 2015"
"1023",1023,"October 16th, 2014","October 16th, 2015"
"1024",1024,"July 16th, 2014","July 16th, 2015"
"1025",1025,"June 10th, 2014","June 10th, 2015"
"1026",1026,"December 26th, 2013","December 26th, 2014"
"1027",1027,"December 26th, 2013","December 26th, 2014"
"1028",1028,"December 26th, 2013","December 26th, 2014"
"1029",1029,"July 11th, 2012","July 11th, 2013"
"1030",1030,"April 13th, 2010","April 13th, 2011"
"1031",1031,"June 22nd, 2017","June 22nd, 2018"
"1032",1032,"May 26th, 2014","May 26th, 2015"
"1033",1033,"August 30th, 2012","August 30th, 2013"
"1034",1034,"August 29th, 2012","August 29th, 2013"
"1035",1035,"July 3rd, 2012","July 3rd, 2013"
"1036",1036,"February 23rd, 2012","February 22nd, 2013"
"1037",1037,"January 25th, 2011","January 25th, 2012"
"1038",1038,"October 8th, 2015","October 7th, 2016"
"1039",1039,"July 17th, 2015","July 16th, 2016"
"1040",1040,"June 18th, 2015","June 17th, 2016"
"1041",1041,"May 28th, 2015","May 27th, 2016"
"1042",1042,"May 25th, 2015","May 24th, 2016"
"1043",1043,"May 23rd, 2015","May 22nd, 2016"
"1044",1044,"May 22nd, 2015","May 21st, 2016"
"1045",1045,"March 11th, 2015","March 10th, 2016"
"1046",1046,"April 11th, 2014","April 11th, 2015"
"1047",1047,"September 4th, 2012","September 4th, 2013"
"1048",1048,"May 22nd, 2012","May 22nd, 2013"
"1049",1049,"December 21st, 2011","December 20th, 2012"
"1050",1050,"August 12th, 2016","August 12th, 2017"
"1051",1051,"November 10th, 2015","November 9th, 2016"
"1052",1052,"October 23rd, 2015","October 22nd, 2016"
"1053",1053,"February 27th, 2015","February 27th, 2016"
"1054",1054,"November 4th, 2014","November 4th, 2015"
"1055",1055,"October 23rd, 2014","October 23rd, 2015"
"1056",1056,"April 14th, 2014","April 14th, 2015"
"1057",1057,"June 5th, 2013","June 5th, 2014"
"1058",1058,"January 25th, 2012","January 24th, 2013"
"1059",1059,"January 25th, 2012","January 24th, 2013"
"1060",1060,"March 15th, 2011","March 14th, 2012"
"1061",1061,"March 11th, 2016","March 11th, 2017"
"1062",1062,"February 26th, 2016","February 25th, 2017"
"1063",1063,"January 6th, 2015","January 6th, 2016"
"1064",1064,"October 17th, 2014","October 17th, 2015"
"1065",1065,"April 30th, 2014","April 30th, 2015"
"1066",1066,"January 28th, 2014","January 28th, 2015"
"1067",1067,"May 4th, 2011","May 3rd, 2012"
"1068",1068,"March 15th, 2011","March 14th, 2012"
"1069",1069,"December 8th, 2017","December 8th, 2018"
"1070",1070,"September 8th, 2017","September 8th, 2018"
"1071",1071,"August 23rd, 2017","August 23rd, 2018"
"1072",1072,"February 11th, 2016","February 10th, 2017"
"1073",1073,"November 17th, 2015","November 16th, 2016"
"1074",1074,"July 17th, 2015","July 16th, 2016"
"1075",1075,"April 23rd, 2014","April 23rd, 2015"
"1076",1076,"April 17th, 2014","April 17th, 2015"
"1077",1077,"February 4th, 2014","February 4th, 2015"
"1078",1078,"February 13th, 2013","February 13th, 2014"
"1079",1079,"September 17th, 2012","September 17th, 2013"
"1080",1080,"February 3rd, 2016","February 2nd, 2017"
"1081",1081,"November 23rd, 2014","November 23rd, 2015"
"1082",1082,"April 26th, 2014","April 26th, 2015"
"1083",1083,"January 17th, 2014","January 17th, 2015"
"1084",1084,"",""
"1085",1085,"September 4th, 2012","September 4th, 2013"
"1086",1086,"August 30th, 2012","August 30th, 2013"
"1087",1087,"January 22nd, 2016","January 21st, 2017"
"1088",1088,"November 16th, 2015","November 15th, 2016"
"1089",1089,"December 18th, 2014","December 18th, 2015"
"1090",1090,"December 26th, 2013","December 26th, 2014"
"1091",1091,"June 6th, 2013","June 6th, 2014"
"1092",1092,"August 30th, 2012","August 30th, 2013"
"1093",1093,"February 8th, 2012","February 7th, 2013"
"1094",1094,"June 17th, 2010","June 17th, 2011"
"1095",1095,"November 3rd, 2017","November 3rd, 2018"
"1096",1096,"April 6th, 2017","April 6th, 2018"
"1097",1097,"April 26th, 2016","April 26th, 2017"
"1098",1098,"August 27th, 2015","August 26th, 2016"
"1099",1099,"July 17th, 2015","July 16th, 2016"
"1100",1100,"February 20th, 2015","February 20th, 2016"
"1101",1101,"March 3rd, 2014","March 3rd, 2015"
"1102",1102,"January 8th, 2014","January 8th, 2015"
"1103",1103,"December 26th, 2013","December 26th, 2014"
"1104",1104,"January 9th, 2013","January 9th, 2014"
"1105",1105,"September 27th, 2012","September 27th, 2013"
"1106",1106,"May 9th, 2017","May 9th, 2018"
"1107",1107,"April 24th, 2015","April 23rd, 2016"
"1108",1108,"January 26th, 2015","January 26th, 2016"
"1109",1109,"August 7th, 2013","August 7th, 2014"
"1110",1110,"October 9th, 2012","October 9th, 2013"
"1111",1111,"September 13th, 2012","September 13th, 2013"
"1112",1112,"September 10th, 2012","September 10th, 2013"
"1113",1113,"May 24th, 2012","May 24th, 2013"
"1114",1114,"September 22nd, 2011","September 21st, 2012"
"1115",1115,"November 29th, 2017","November 29th, 2018"
"1116",1116,"November 23rd, 2014","November 23rd, 2015"
"1117",1117,"February 25th, 2014","February 25th, 2015"
"1118",1118,"December 26th, 2013","December 26th, 2014"
"1119",1119,"December 26th, 2013","December 26th, 2014"
"1120",1120,"December 26th, 2013","December 26th, 2014"
"1121",1121,"September 14th, 2012","September 14th, 2013"
"1122",1122,"August 30th, 2012","August 30th, 2013"
"1123",1123,"June 13th, 2017","June 13th, 2018"
"1124",1124,"July 17th, 2015","July 16th, 2016"
"1125",1125,"May 1st, 2014","May 1st, 2015"
"1126",1126,"December 26th, 2013","December 26th, 2014"
"1127",1127,"May 29th, 2013","May 29th, 2014"
"1128",1128,"September 10th, 2012","September 10th, 2013"
"1129",1129,"September 4th, 2012","September 4th, 2013"
"1130",1130,"June 17th, 2010","June 17th, 2011"
"1131",1131,"April 23rd, 2015","April 22nd, 2016"
"1132",1132,"May 12th, 2014","May 12th, 2015"
"1133",1133,"March 29th, 2013","March 29th, 2014"
"1134",1134,"September 11th, 2012","September 11th, 2013"
"1135",1135,"August 30th, 2012","August 30th, 2013"
"1136",1136,"July 26th, 2012","July 26th, 2013"
"1137",1137,"July 11th, 2012","July 11th, 2013"
"1138",1138,"July 11th, 2012","July 11th, 2013"
"1139",1139,"September 22nd, 2011","September 21st, 2012"
"1140",1140,"August 25th, 2017","August 25th, 2018"
"1141",1141,"August 22nd, 2017","August 22nd, 2018"
"1142",1142,"March 30th, 2015","March 29th, 2016"
"1143",1143,"July 11th, 2012","July 11th, 2013"
"1144",1144,"April 5th, 2012","April 5th, 2013"
"1145",1145,"June 22nd, 2017","June 22nd, 2018"
"1146",1146,"March 21st, 2015","March 20th, 2016"
"1147",1147,"July 28th, 2014","July 28th, 2015"
"1148",1148,"June 16th, 2014","June 16th, 2015"
"1149",1149,"January 23rd, 2014","January 23rd, 2015"
"1150",1150,"September 23rd, 2013","September 23rd, 2014"
"1151",1151,"March 29th, 2013","March 29th, 2014"
"1152",1152,"March 29th, 2013","March 29th, 2014"
"1153",1153,"March 29th, 2013","March 29th, 2014"
"1154",1154,"September 14th, 2012","September 14th, 2013"
"1155",1155,"September 4th, 2012","September 4th, 2013"
"1156",1156,"July 23rd, 2012","July 23rd, 2013"
"1157",1157,"June 6th, 2012","June 6th, 2013"
"1158",1158,"June 22nd, 2017","June 22nd, 2018"
"1159",1159,"March 23rd, 2017","March 23rd, 2018"
"1160",1160,"June 16th, 2014","June 16th, 2015"
"1161",1161,"June 27th, 2013","June 27th, 2014"
"1162",1162,"March 29th, 2013","March 29th, 2014"
"1163",1163,"September 27th, 2012","September 27th, 2013"
"1164",1164,"June 4th, 2012","June 4th, 2013"
"1165",1165,"April 9th, 2010","April 9th, 2011"
"1166",1166,"September 17th, 2012","September 17th, 2013"
"1167",1167,"August 30th, 2012","August 30th, 2013"
"1168",1168,"February 9th, 2011","February 9th, 2012"
"1169",1169,"January 13th, 2011","January 13th, 2012"
"1170",1170,"July 6th, 2015","July 5th, 2016"
"1171",1171,"May 23rd, 2015","May 22nd, 2016"
"1172",1172,"June 21st, 2013","June 21st, 2014"
"1173",1173,"August 1st, 2012","August 1st, 2013"
"1174",1174,"July 11th, 2012","July 11th, 2013"
"1175",1175,"May 13th, 2014","May 13th, 2015"
"1176",1176,"March 31st, 2014","March 31st, 2015"
"1177",1177,"September 11th, 2012","September 11th, 2013"
"1178",1178,"June 6th, 2017","June 6th, 2018"
"1179",1179,"January 8th, 2014","January 8th, 2015"
"1180",1180,"September 17th, 2012","September 17th, 2013"
"1181",1181,"September 10th, 2012","September 10th, 2013"
"1182",1182,"January 13th, 2012","January 12th, 2013"
"1183",1183,"November 7th, 2014","November 7th, 2015"
"1184",1184,"September 10th, 2012","September 10th, 2013"
"1185",1185,"August 22nd, 2017","August 22nd, 2018"
"1186",1186,"July 27th, 2017","July 27th, 2018"
"1187",1187,"May 23rd, 2016","May 23rd, 2017"
"1188",1188,"June 30th, 2015","June 29th, 2016"
"1189",1189,"December 10th, 2013","December 10th, 2014"
"1190",1190,"September 13th, 2012","September 13th, 2013"
"1191",1191,"August 30th, 2012","August 30th, 2013"
"1192",1192,"April 9th, 2010","April 9th, 2011"
"1193",1193,"August 23rd, 2017","August 23rd, 2018"
"1194",1194,"June 9th, 2014","June 9th, 2015"
"1195",1195,"September 13th, 2012","September 13th, 2013"
"1196",1196,"September 12th, 2012","September 12th, 2013"
"1197",1197,"July 3rd, 2012","July 3rd, 2013"
"1198",1198,"March 1st, 2011","February 29th, 2012"
"1199",1199,"September 11th, 2014","September 11th, 2015"
"1200",1200,"April 26th, 2014","April 26th, 2015"
"1201",1201,"January 8th, 2013","January 8th, 2014"
"1202",1202,"September 17th, 2012","September 17th, 2013"
"1203",1203,"September 12th, 2012","September 12th, 2013"
"1204",1204,"August 30th, 2012","August 30th, 2013"
"1205",1205,"March 12th, 2013","March 12th, 2014"
"1206",1206,"September 17th, 2012","September 17th, 2013"
"1207",1207,"May 22nd, 2017","May 22nd, 2018"
"1208",1208,"January 17th, 2014","January 17th, 2015"
"1209",1209,"July 5th, 2013","July 5th, 2014"
"1210",1210,"August 1st, 2012","August 1st, 2013"
"1211",1211,"July 16th, 2012","July 16th, 2013"
"1212",1212,"June 6th, 2012","June 6th, 2013"
"1213",1213,"April 26th, 2014","April 26th, 2015"
"1214",1214,"September 17th, 2012","September 17th, 2013"
"1215",1215,"February 17th, 2016","February 16th, 2017"
"1216",1216,"March 28th, 2015","March 27th, 2016"
"1217",1217,"September 4th, 2014","September 4th, 2015"
"1218",1218,"July 22nd, 2014","July 22nd, 2015"
"1219",1219,"July 26th, 2012","July 26th, 2013"
"1220",1220,"July 2nd, 2012","July 2nd, 2013"
"1221",1221,"June 21st, 2011","June 20th, 2012"
"1222",1222,"April 26th, 2014","April 26th, 2015"
"1223",1223,"September 14th, 2012","September 14th, 2013"
"1224",1224,"July 26th, 2012","July 26th, 2013"
"1225",1225,"December 16th, 2014","December 16th, 2015"
"1226",1226,"September 14th, 2012","September 14th, 2013"
"1227",1227,"March 19th, 2014","March 19th, 2015"
"1228",1228,"February 27th, 2014","February 27th, 2015"
"1229",1229,"February 7th, 2013","February 7th, 2014"
"1230",1230,"September 11th, 2012","September 11th, 2013"
"1231",1231,"January 13th, 2012","January 12th, 2013"
"1232",1232,"January 20th, 2015","January 20th, 2016"
"1233",1233,"May 24th, 2012","May 24th, 2013"
"1234",1234,"July 18th, 2017","July 18th, 2018"
"1235",1235,"July 11th, 2012","July 11th, 2013"
"1236",1236,"June 6th, 2017","June 6th, 2018"
"1237",1237,"May 15th, 2014","May 15th, 2015"
"1238",1238,"March 18th, 2014","March 18th, 2015"
"1239",1239,"February 7th, 2014","February 7th, 2015"
"1240",1240,"September 5th, 2013","September 5th, 2014"
"1241",1241,"April 29th, 2013","April 29th, 2014"
"1242",1242,"September 11th, 2012","September 11th, 2013"
"1243",1243,"December 1st, 2011","November 30th, 2012"
"1244",1244,"February 3rd, 2015","February 3rd, 2016"
"1245",1245,"July 26th, 2012","July 26th, 2013"
"1246",1246,"January 13th, 2012","January 12th, 2013"
"1247",1247,"February 29th, 2016","February 28th, 2017"
"1248",1248,"August 25th, 2014","August 25th, 2015"
"1249",1249,"February 7th, 2013","February 7th, 2014"
"1250",1250,"May 29th, 2013","May 29th, 2014"
"1251",1251,"May 3rd, 2013","May 3rd, 2014"
"1252",1252,"September 17th, 2012","September 17th, 2013"
"1253",1253,"January 29th, 2013","January 29th, 2014"
"1254",1254,"October 20th, 2017","October 20th, 2018"
"1255",1255,"April 8th, 2014","April 8th, 2015"
"1256",1256,"September 13th, 2012","September 13th, 2013"
"1257",1257,"May 5th, 2014","May 5th, 2015"
"1258",1258,"January 27th, 2014","January 27th, 2015"
"1259",1259,"September 11th, 2012","September 11th, 2013"
"1260",1260,"June 16th, 2015","June 15th, 2016"
"1261",1261,"January 16th, 2017","January 16th, 2018"
"1262",1262,"April 9th, 2010","April 9th, 2011"
"1263",1263,"January 3rd, 2012","January 2nd, 2013"
"1264",1264,"July 26th, 2012","July 26th, 2013"
"1265",1265,"April 30th, 2012","April 30th, 2013"
"1266",1266,"January 3rd, 2012","January 2nd, 2013"
"1267",1267,"March 18th, 2014","March 18th, 2015"
"1268",1268,"January 20th, 2014","January 20th, 2015"
"1269",1269,"September 17th, 2012","September 17th, 2013"
"1270",1270,"January 18th, 2012","January 17th, 2013"
"1271",1271,"September 10th, 2012","September 10th, 2013"
"1272",1272,"May 15th, 2014","May 15th, 2015"
"1273",1273,"May 14th, 2013","May 14th, 2014"
"1274",1274,"October 27th, 2017","October 27th, 2018"
"1275",1275,"July 9th, 2012","July 9th, 2013"
"1276",1276,"January 6th, 2012","January 5th, 2013"
"1277",1277,"September 12th, 2012","September 12th, 2013"
"1278",1278,"September 12th, 2012","September 12th, 2013"
"1279",1279,"June 6th, 2012","June 6th, 2013"
"1280",1280,"March 5th, 2012","March 5th, 2013"
"1281",1281,"July 11th, 2012","July 11th, 2013"
"1282",1282,"September 13th, 2012","September 13th, 2013"
"1283",1283,"August 1st, 2012","August 1st, 2013"
"1284",1284,"January 9th, 2012","January 8th, 2013"
"1285",1285,"",""
"1286",1286,"March 29th, 2013","March 29th, 2014"
"1287",1287,"March 13th, 2014","March 13th, 2015"
"1288",1288,"June 6th, 2013","June 6th, 2014"
"1289",1289,"September 10th, 2012","September 10th, 2013"
"1290",1290,"September 17th, 2012","September 17th, 2013"
"1291",1291,"August 1st, 2012","August 1st, 2013"
"1292",1292,"April 6th, 2012","April 6th, 2013"
"1293",1293,"December 28th, 2015","December 27th, 2016"
"1294",1294,"April 26th, 2014","April 26th, 2015"
"1295",1295,"May 8th, 2014","May 8th, 2015"
"1296",1296,"March 3rd, 2014","March 3rd, 2015"
"1297",1297,"March 10th, 2014","March 10th, 2015"
"1298",1298,"Specialty Coffee Association",""
"1299",1299,"February 3rd, 2015","February 3rd, 2016"
"1300",1300,"September 10th, 2012","September 10th, 2013"
"1301",1301,"July 11th, 2012","July 11th, 2013"
"1302",1302,"May 5th, 2014","May 5th, 2015"
"1303",1303,"October 27th, 2017","October 27th, 2018"
"1304",1304,"May 15th, 2014","May 15th, 2015"
"1305",1305,"May 15th, 2014","May 15th, 2015"
"1306",1306,"May 15th, 2014","May 15th, 2015"
"1307",1307,"September 17th, 2012","September 17th, 2013"
"1308",1308,"May 24th, 2012","May 24th, 2013"
"1309",1309,"June 6th, 2017","June 6th, 2018"
"1310",1310,"May 24th, 2012","May 24th, 2013"
"1311",1312,"April 28th, 2017","April 28th, 2018"
"1312",1313,"June 26th, 2014","June 26th, 2015"
"1313",1314,"October 31st, 2017","October 31st, 2018"
"1314",1315,"April 30th, 2015","April 29th, 2016"
"1315",1316,"July 14th, 2014","July 14th, 2015"
"1316",1317,"June 26th, 2014","June 26th, 2015"
"1317",1318,"February 29th, 2012","February 28th, 2013"
"1318",1319,"May 15th, 2014","May 15th, 2015"
"1319",1320,"October 25th, 2017","October 25th, 2018"
"1320",1321,"August 17th, 2016","August 17th, 2017"
"1321",1322,"August 5th, 2014","August 5th, 2015"
"1322",1323,"June 26th, 2014","June 26th, 2015"
"1323",1324,"August 23rd, 2016","August 23rd, 2017"
"1324",1325,"May 19th, 2014","May 19th, 2015"
"1325",1326,"July 14th, 2014","July 14th, 2015"
"1326",1327,"July 14th, 2014","July 14th, 2015"
"1327",1328,"April 30th, 2015","April 29th, 2016"
"1328",1329,"June 3rd, 2013","June 3rd, 2014"
"1329",1330,"June 27th, 2014","June 27th, 2015"
"1330",1331,"June 27th, 2014","June 27th, 2015"
"1331",1332,"June 27th, 2014","June 27th, 2015"
"1332",1333,"May 19th, 2014","May 19th, 2015"
"1333",1334,"June 20th, 2013","June 20th, 2014"
"1334",1335,"February 29th, 2012","February 28th, 2013"
"1335",1336,"January 19th, 2016","January 18th, 2017"
"1336",1337,"January 19th, 2016","January 18th, 2017"
"1337",1338,"December 23rd, 2014","December 23rd, 2015"
"1338",1339,"August 25th, 2014","August 25th, 2015"
"1339",1340,"August 25th, 2014","August 25th, 2015"
